Customer Service,Blood Screening,83
Customer Service,Culture Identification,84
Customer Service,DNA Extraction Products,85
Customer Service,Genetic Disease Testing,86
Customer Service,Immunology Products,87
Customer Service,Instrument Systems,88
Customer Service,Microbial Infectious Diseases,89
Customer Service,Pharmaceutical Services,90
Customer Service,Respiratory Infectious Diseases,91
Customer Service,Sexually Transmitted Diseases,92
Customer Service,Transplant Diagnostics,93
Customer Service,Virals,94
Sales and Distribution,DNA Extraction Products,95
Sales and Distribution,Genetic Disease Testing,96
Sales and Distribution,Immunology Products,97
Sales and Distribution,Instrument Systems,98
Sales and Distribution,Microbial Infectious Diseases,99
Sales and Distribution,Respiratory Infectious Diseases,100
Sales and Distribution,Sexually Transmitted Diseases,101
Sales and Distribution,Transplant Diagnostics,102
Sales and Distribution,Virals,103
Locations,Blood Screening,104
Locations,Culture Identification,105
Locations,DNA Extraction Products,106
Locations,Immunology Products,107
Locations,Instrument Systems,108
Locations,Microbial Infectious Diseases,109
Locations,Pharmaceutical Services,110
Locations,Respiratory Infectious Diseases,111
Locations,Sexually Transmitted Diseases,112
Locations,Transplant Diagnostics,113
Locations,Virals,114
Technical Support,Blood Screening,115
Technical Support,Culture Identification,116
Technical Support,DNA Extraction Products,117
Technical Support,Genetic Disease Testing,118
Technical Support,Immunology Products,119
Technical Support,Instrument Systems,120
Technical Support,Microbial Infectious Diseases,121
Technical Support,Pharmaceutical Services,122
Technical Support,Respiratory Infectious Diseases,123
Technical Support,Sexually Transmitted Diseases,124
Technical Support,Transplant Diagnostics,125
Technical Support,Virals,126
Technical Support,Coagulation,127
Technical Support,Transfusion Medicine,128
Technical Support,Transplant Products,129
