LIFECODES,LIFECODES Coagulation Products,Benelux-France,8419
LIFECODES,LIFECODES HPA Genotyping,Canada,8181
LIFECODES,LIFECODES Coagulation Products,Slovakia,8396
LIFECODES,LIFECODES HPA Genotyping,Singapore,8250
LIFECODES,LIFECODES Serology Products,Chile,8256
LIFECODES,LIFECODES Donor Screening,Bulgaria,8327
LIFECODES,LIFECODES Platelet Antibody Detection Products,Spain,8273
LIFECODES,LIFECODES Serology Products,Morocco,8304
LIFECODES,LIFECODES Platelet Antibody Detection Products,Former Yugoslavia,8204
LIFECODES,LIFECODES Platelet Antibody Detection Products,China,8373
LIFECODES,LIFECODES HLA Genotyping,Europe,8227
LIFECODES,LIFECODES HPA Genotyping,United Arab Emirates,8350
LIFECODES,LIFECODES Serology Products,Italy,8187
LIFECODES,LIFECODES Coagulation Products,Qatar,8390
LIFECODES,LIFECODES Serology Products,Israel,8296
LIFECODES,LIFECODES Donor Screening,Greece,8379
LIFECODES,LIFECODES Platelet Antibody Detection Products,Saudi Arabia,8233
LIFECODES,LIFECODES Serology Products,Algeria,8244
LIFECODES,LIFECODES Platelet Antibody Detection Products,Albania,8333
LIFECODES,LIFECODES Donor Screening,Oman,8287
LIFECODES,LIFECODES HPA Genotyping,Turkey,8290
LIFECODES,LIFECODES Coagulation Products,Greece,8436
LIFECODES,LIFECODES Serology Products,Portugal,8336
LIFECODES,LIFECODES Donor Screening,India,8359
LIFECODES,LIFECODES Coagulation Products,South Africa,8430
LIFECODES,Gen-Probe Fluoroanalyzer,Canada,8173
LIFECODES,LIFECODES Donor Specific Antibody,Europe,8224
LIFECODES,LIFECODES Platelet Antibody Detection Products,South Africa,8353
LIFECODES,LIFECODES Coagulation Products,Columbia,8402
LIFECODES,LIFECODES Donor Screening,Slovakia,8210
LIFECODES,LIFECODES Donor Screening,Malaysia,8367
LIFECODES,LIFECODES Platelet Antibody Detection Products,Brazil,8167
LIFECODES,LIFECODES Coagulation Products,Spain,8410
LIFECODES,LIFECODES Coagulation Products,Israel,8416
LIFECODES,LIFECODES Donor Screening,Iraq,8267
LIFECODES,LIFECODES HPA Genotyping,Benelux-France,8310
LIFECODES,LIFECODES Serology Products,Poland,8316
LIFECODES,LIFECODES Platelet Antibody Detection Products,Jordan,8253
LIFECODES,LIFECODES HPA Genotyping,Europe,8230
LIFECODES,LIFECODES Donor Screening,Tunisia,8347
LIFECODES,LIFECODES Serology Products,Slovakia,8207
LIFECODES,LIFECODES HPA Genotyping,Austria,8370
LIFECODES,LIFECODES Platelet Antibody Detection Products,Qatar,8184
LIFECODES,LIFECODES Coagulation Products,Kuwait,8393
LIFECODES,LIFECODES Coagulation Products,South Korea,8422
LIFECODES,LIFECODES HPA Genotyping,Panama,8201
LIFECODES,LIFECODES Serology Products,Greece,8376
LIFECODES,LIFECODES Serology Products,Bahrain,8276
LIFECODES,LIFECODES Coagulation Products,Europe,8399
LIFECODES,LIFECODES Donor Screening,Algeria,8247
LIFECODES,LIFECODES HPA Genotyping,Romania,8330
LIFECODES,LIFECODES Serology Products,Oman,8284
LIFECODES,LIFECODES Platelet Antibody Detection Products,Indonesia,8293
LIFECODES,LIFECODES Donor Screening,Portugal,8339
LIFECODES,LIFECODES Coagulation Products,Malaysia,8433
LIFECODES,LIFECODES Donor Screening,Italy,8190
LIFECODES,LIFECODES Donor Screening,Taiwan,8387
LIFECODES,LIFECODES Screen & Identification,Canada,8170
LIFECODES,LIFECODES HPA Genotyping,Czech Republic,8193
LIFECODES,LIFECODES Coagulation Products,Oman,8413
LIFECODES,LIFECODES HPA Genotyping,Fyrom,8270
LIFECODES,LIFECODES Donor Screening,Morocco,8307
LIFECODES,LIFECODES Donor Screening,Poland,8319
LIFECODES,LIFECODES Serology Products,India,8356
LIFECODES,LIFECODES HPA Genotyping,Peru,8213
LIFECODES,LIFECODES Serology Products,Iraq,8264
LIFECODES,LIFECODES Platelet Antibody Detection Products,New Zealand,8313
LIFECODES,LIFECODES Serology Products,United Arab Emirates,8348
LIFECODES,LIFECODES Donor Screening,Austria,8371
LIFECODES,LIFECODES Coagulation Products,Panama,8394
LIFECODES,LIFECODES Platelet Antibody Detection Products,Slovakia,8208
LIFECODES,LIFECODES Coagulation Products,Germany,8417
LIFECODES,LIFECODES Serology Products,Canada,8179
LIFECODES,LIFECODES Donor Screening,Bahrain,8279
LIFECODES,LIFECODES KIR Genotyping,Europe,8225
LIFECODES,LIFECODES HPA Genotyping,Germany,8302
LIFECODES,LIFECODES Donor Screening,Panama,8202
LIFECODES,LIFECODES Platelet Antibody Detection Products,Bulgaria,8325
LIFECODES,LIFECODES HPA Genotyping,Mexico,8342
LIFECODES,LIFECODES Coagulation Products,Albania,8425
LIFECODES,LIFECODES Serology Products,Singapore,8248
LIFECODES,LIFECODES Donor Screening,Romania,8331
LIFECODES,LIFECODES HPA Genotyping,Qatar,8185
LIFECODES,LIFECODES Coagulation Products,Austria,8434
LIFECODES,LIFECODES Platelet Antibody Detection Products,Oman,8285
LIFECODES,LIFECODES Coagulation Products,Brazil,8388
LIFECODES,LIFECODES Donor Screening,Australia,8239
LIFECODES,LIFECODES Platelet Antibody Detection Products,Iraq,8265
LIFECODES,LIFECODES Coagulation Products,Iraq,8408
LIFECODES,LIFECODES Platelet Antibody Detection Products,Kuwait,8196
LIFECODES,LIFECODES Coagulation Products,Tunisia,8428
LIFECODES,LIFECODES Donor Screening,Chile,8259
LIFECODES,LIFECODES Donor Screening,Fyrom,8271
LIFECODES,LIFECODES Platelet Antibody Detection Products,Malaysia,8365
LIFECODES,LIFECODES Coagulation Products,Turkey,8414
LIFECODES,Gen-Probe Fluoroanalyzer,Europe,8222
LIFECODES,LIFECODES Serology Products,Benelux-France,8308
LIFECODES,LIFECODES Platelet Antibody Detection Products,Republica Muldova,8216
LIFECODES,LIFECODES Donor Screening,Canada,8182
LIFECODES,LIFECODES HPA Genotyping,Former Yugoslavia,8205
LIFECODES,LIFECODES Platelet Antibody Detection Products,Tunisia,8345
LIFECODES,LIFECODES Donor Screening,United Arab Emirates,8351
LIFECODES,LIFECODES HPA Genotyping,South Korea,8322
LIFECODES,LIFECODES Serology Products,Romania,8328
LIFECODES,LIFECODES Serology Products,Europe,8228
LIFECODES,LIFECODES Donor Screening,Israel,8299
LIFECODES,LIFECODES Coagulation Products,Peru,8397
LIFECODES,LIFECODES Donor Screening,Singapore,8251
LIFECODES,LIFECODES HPA Genotyping,China,8374
LIFECODES,LIFECODES Platelet Antibody Detection Products,Italy,8188
LIFECODES,LIFECODES Coagulation Products,Hungary,8437
LIFECODES,LIFECODES Serology Products,Panama,8199
LIFECODES,LIFECODES Serology Products,Australia,8236
LIFECODES,LIFECODES Coagulation Products,Italy,8391
LIFECODES,LIFECODES Platelet Antibody Detection Products,Algeria,8245
LIFECODES,LIFECODES HPA Genotyping,Libya,8282
LIFECODES,LIFECODES Donor Screening,Turkey,8291
LIFECODES,LIFECODES HPA Genotyping,Albania,8334
LIFECODES,LIFECODES Platelet Antibody Detection Products,Taiwan,8385
LIFECODES,LIFECODES Serology Products,Turkey,8288
LIFECODES,LIFECODES Coagulation Products,India,8431
LIFECODES,LIFECODES HPA Genotyping,Columbia,8242
LIFECODES,LIFECODES Screen & Identification,Europe,8219
LIFECODES,LIFECODES HPA Genotyping,Hungary,8382
LIFECODES,LIFECODES Coagulation Products,Jordan,8405
LIFECODES,LIFECODES KIR Genotyping,Canada,8176
LIFECODES,LIFECODES HPA Genotyping,South Africa,8354
LIFECODES,LIFECODES Platelet Antibody Detection Products,Morocco,8305
LIFECODES,LIFECODES Serology Products,Austria,8368
LIFECODES,LIFECODES HPA Genotyping,Thailand,8262
LIFECODES,LIFECODES Serology Products,Fyrom,8268
LIFECODES,LIFECODES HPA Genotyping,Brazil,8168
LIFECODES,LIFECODES Donor Screening,Benelux-France,8311
LIFECODES,LIFECODES HPA Genotyping,United Kingdom,8362
LIFECODES,LIFECODES Coagulation Products,Bahrain,8411
LIFECODES,LIFECODES Platelet Antibody Detection Products,Bahrain,8277
LIFECODES,LIFECODES HPA Genotyping,Jordan,8254
LIFECODES,LIFECODES Donor Screening,Europe,8231
LIFECODES,LIFECODES Serology Products,Qatar,8183
LIFECODES,LIFECODES Platelet Antibody Detection Products,Austria,8369
LIFECODES,LIFECODES HPA Genotyping,Tunisia,8346
LIFECODES,LIFECODES Donor Screening,South Korea,8323
LIFECODES,LIFECODES Coagulation Products,Saudi Arabia,8400
LIFECODES,LIFECODES LSA Single Antigen,Canada,8177
LIFECODES,LIFECODES Serology Products,Germany,8300
LIFECODES,LIFECODES Coagulation Products,Bulgaria,8423
LIFECODES,LIFECODES Platelet Antibody Detection Products,Panama,8200
LIFECODES,LIFECODES Donor Screening,Libya,8283
LIFECODES,LIFECODES Platelet Antibody Detection Products,Greece,8377
LIFECODES,LIFECODES HPA Genotyping,Algeria,8246
LIFECODES,LIFECODES Platelet Antibody Detection Products,Romania,8329
LIFECODES,LIFECODES HPA Genotyping,Indonesia,8294
LIFECODES,LIFECODES Serology Products,Czech Republic,8191
LIFECODES,LIFECODES Serology Products,Mexico,8340
LIFECODES,LIFECODES Platelet Antibody Detection Products,Australia,8237
LIFECODES,LIFECODES HPA Genotyping,Taiwan,8386
LIFECODES,LIFECODES Donor Screening,Czech Republic,8194
LIFECODES,LIFECODES Donor Screening,Hungary,8383
LIFECODES,LIFECODES Coagulation Products,United Kingdom,8432
LIFECODES,LIFECODES Donor Screening,Columbia,8243
LIFECODES,LIFECODES Coagulation Products,Chile,8406
LIFECODES,LIFECODES Red Cell Genotyping,Canada,8171
LIFECODES,LIFECODES Red Cell Genotyping,Europe,8220
LIFECODES,LIFECODES Serology Products,South Korea,8320
LIFECODES,LIFECODES Platelet Antibody Detection Products,Chile,8257
LIFECODES,LIFECODES HPA Genotyping,Morocco,8306
LIFECODES,LIFECODES Platelet Antibody Detection Products,India,8357
LIFECODES,LIFECODES Donor Screening,United Kingdom,8363
LIFECODES,LIFECODES HPA Genotyping,New Zealand,8314
LIFECODES,LIFECODES Coagulation Products,Libya,8412
LIFECODES,LIFECODES Donor Screening,Peru,8214
LIFECODES,LIFECODES Donor Screening,Thailand,8263
LIFECODES,LIFECODES Coagulation Products,New Zealand,8420
LIFECODES,LIFECODES Serology Products,Former Yugoslavia,8203
LIFECODES,LIFECODES HPA Genotyping,Spain,8274
LIFECODES,LIFECODES Serology Products,Libya,8280
LIFECODES,LIFECODES Platelet Antibody Detection Products,Canada,8180
LIFECODES,LIFECODES Platelet Antibody Detection Products,Israel,8297
LIFECODES,LIFECODES Donor Screening,Germany,8303
LIFECODES,LIFECODES HPA Genotyping,Bulgaria,8326
LIFECODES,LIFECODES Platelet Antibody Detection Products,United Arab Emirates,8349
LIFECODES,LIFECODES Coagulation Products,Canada,8389
LIFECODES,LIFECODES Coagulation Products,Portugal,8426
LIFECODES,LIFECODES HPA Genotyping,Saudi Arabia,8234
LIFECODES,LIFECODES Donor Screening,Mexico,8343
LIFECODES,LIFECODES Serology Products,Hungary,8380
LIFECODES,LIFECODES HPA Genotyping,Oman,8286
LIFECODES,LIFECODES Serology Products,Columbia,8240
LIFECODES,LIFECODES Platelet Antibody Detection Products,Portugal,8337
LIFECODES,LIFECODES Serology Products,United Kingdom,8360
LIFECODES,LIFECODES HPA Genotyping,Republica Muldova,8217
LIFECODES,LIFECODES HPA Genotyping,Iraq,8266
LIFECODES,LIFECODES Coagulation Products,United Arab Emirates,8429
LIFECODES,LIFECODES HPA Genotyping,Kuwait,8197
LIFECODES,LIFECODES LSA MIC,Canada,8174
LIFECODES,LIFECODES HPA Genotyping,Malaysia,8366
LIFECODES,LIFECODES Serology Products,Peru,8211
LIFECODES,LIFECODES LSA MIC,Europe,8223
LIFECODES,LIFECODES Serology Products,Thailand,8260
LIFECODES,LIFECODES Platelet Antibody Detection Products,Poland,8317
LIFECODES,LIFECODES Coagulation Products,Algeria,8403
LIFECODES,LIFECODES Coagulation Products,Fyrom,8409
LIFECODES,LIFECODES Donor Screening,Former Yugoslavia,8206
LIFECODES,LIFECODES Platelet Antibody Detection Products,Europe,8229
LIFECODES,LIFECODES HPA Genotyping,Israel,8298
LIFECODES,LIFECODES Donor Screening,China,8375
LIFECODES,LIFECODES Platelet Antibody Detection Products,South Korea,8321
LIFECODES,LIFECODES Serology Products,South Africa,8352
LIFECODES,LIFECODES Serology Products,Jordan,8252
LIFECODES,LIFECODES Coagulation Products,Poland,8421
LIFECODES,LIFECODES Donor Screening,Spain,8275
LIFECODES,LIFECODES Coagulation Products,Republica Muldova,8398
LIFECODES,LIFECODES Donor Screening,Saudi Arabia,8235
LIFECODES,LIFECODES Coagulation Products,Taiwan,8438
LIFECODES,LIFECODES Serology Products,Tunisia,8344
LIFECODES,LIFECODES Coagulation Products,Mexico,8427
LIFECODES,LIFECODES Platelet Antibody Detection Products,Libya,8281
LIFECODES,LIFECODES Coagulation Products,Czech Republic,8392
LIFECODES,LIFECODES Serology Products,Indonesia,8292
LIFECODES,LIFECODES Platelet Antibody Detection Products,Hungary,8381
LIFECODES,LIFECODES Donor Screening,Albania,8335
LIFECODES,LIFECODES HPA Genotyping,Portugal,8338
LIFECODES,LIFECODES HPA Genotyping,Italy,8189
LIFECODES,LIFECODES Donor Screening,Republica Muldova,8218
LIFECODES,LIFECODES Platelet Antibody Detection Products,Columbia,8241
LIFECODES,LIFECODES Donor Screening,Brazil,8169
LIFECODES,LIFECODES Donor Screening,Kuwait,8198
LIFECODES,LIFECODES Donor Specific Antibody,Canada,8175
LIFECODES,LIFECODES Platelet Antibody Detection Products,Peru,8212
LIFECODES,LIFECODES Platelet Antibody Detection Products,Fyrom,8269
LIFECODES,LIFECODES HPA Genotyping,Poland,8318
LIFECODES,LIFECODES Donor Screening,South Africa,8355
LIFECODES,LIFECODES Coagulation Products,Singapore,8404
LIFECODES,LIFECODES Platelet Antibody Detection Products,Thailand,8261
LIFECODES,LIFECODES Serology Products,New Zealand,8312
LIFECODES,LIFECODES Platelet Antibody Detection Products,United Kingdom,8361
LIFECODES,LIFECODES Platelet Antibody Detection Products,Germany,8301
LIFECODES,LIFECODES Serology Products,China,8372
LIFECODES,LIFECODES HPA Genotyping,Bahrain,8278
LIFECODES,LIFECODES Coagulation Products,Former Yugoslavia,8395
LIFECODES,LIFECODES Donor Screening,Jordan,8255
LIFECODES,LIFECODES Coagulation Products,Morocco,8418
LIFECODES,LIFECODES Serology Products,Saudi Arabia,8232
LIFECODES,LIFECODES HLA Genotyping,Canada,8178
LIFECODES,LIFECODES Platelet Antibody Detection Products,Singapore,8249
LIFECODES,LIFECODES Coagulation Products,Romania,8424
LIFECODES,LIFECODES LSA Single Antigen,Europe,8226
LIFECODES,LIFECODES Serology Products,Bulgaria,8324
LIFECODES,LIFECODES Donor Screening,Indonesia,8295
LIFECODES,LIFECODES HPA Genotyping,Greece,8378
LIFECODES,LIFECODES Serology Products,Albania,8332
LIFECODES,LIFECODES Platelet Antibody Detection Products,Mexico,8341
LIFECODES,LIFECODES Donor Screening,Qatar,8186
LIFECODES,LIFECODES Platelet Antibody Detection Products,Czech Republic,8192
LIFECODES,LIFECODES HPA Genotyping,Australia,8238
LIFECODES,LIFECODES Coagulation Products,China,8435
LIFECODES,LIFECODES Platelet Antibody Detection Products,Turkey,8289
LIFECODES,LIFECODES Serology Products,Taiwan,8384
LIFECODES,LIFECODES Coagulation Products,Thailand,8407
LIFECODES,LIFECODES Serology Products,Kuwait,8195
LIFECODES,LIFECODES Serology Products,Spain,8272
LIFECODES,LIFECODES Coagulation Products,Australia,8401
LIFECODES,LIFECODES HPA Genotyping,Chile,8258
LIFECODES,LIFECODES Coagulation Products,Indonesia,8415
LIFECODES,LIFECODES HPA Genotyping,Slovakia,8209
LIFECODES,LIFECODES Serology Products,Republica Muldova,8215
LIFECODES,LIFECODES Platelet Antibody Detection Products,Benelux-France,8309
LIFECODES,LIFECODES Donor Screening,New Zealand,8315
LIFECODES,LIFECODES HPA Genotyping,India,8358
LIFECODES,LIFECODES Serology Products,Malaysia,8364
LIFECODES,LIFECODES Serology Products,Brazil,8166
