Transplant & Transfusion Medicine,LIFECODES Red Cell Genotyping,Canada,7423
Transplant & Transfusion Medicine,LIFECODES HPA Genotyping,Jordan,7494
Transplant & Transfusion Medicine,LIFECODES Platelet Antibody Detection Products,Bahrain,7517
Transplant & Transfusion Medicine,LIFECODES HPA Genotyping,Tunisia,7586
Coagulation Products,LIFECODES Coagulation Products,New Zealand,7663
Transplant & Transfusion Medicine,LIFECODES Platelet Antibody Detection Products,Austria,7609
Coagulation Products,LIFECODES Coagulation Products,Europe,7640
Transplant & Transfusion Medicine,LIFECODES Serology Products,Israel,7540
Transplant & Transfusion Medicine,LIFECODES Donor Screening,South Korea,7563
Transplant & Transfusion Medicine,LIFECODES Serology Products,Chile,7500
Transplant & Transfusion Medicine,LIFECODES HPA Genotyping,Morocco,7546
Transplant & Transfusion Medicine,LIFECODES Platelet Antibody Detection Products,Poland,7557
Transplant & Transfusion Medicine,LIFECODES Donor Screening,United Kingdom,7603
Coagulation Products,LIFECODES Coagulation Products,Turkey,7646
Transplant & Transfusion Medicine,LIFECODES HPA Genotyping,Former Yugoslavia,7454
Transplant & Transfusion Medicine,LIFECODES Serology Products,India,7600
Coagulation Products,LIFECODES Coagulation Products,China,7649
Transplant & Transfusion Medicine,LIFECODES Platelet Antibody Detection Products,Portugal,7577
Transplant & Transfusion Medicine,LIFECODES HPA Genotyping,Iraq,7506
Transplant & Transfusion Medicine,LIFECODES Platelet Antibody Detection Products,Slovakia,7457
Transplant & Transfusion Medicine,LIFECODES HPA Genotyping,Qatar,7434
Transplant & Transfusion Medicine,LIFECODES Donor Screening,Columbia,7483
Transplant & Transfusion Medicine,LIFECODES Donor Screening,Peru,7463
Transplant & Transfusion Medicine,LIFECODES Serology Products,Italy,7440
Transplant & Transfusion Medicine,LIFECODES Donor Screening,Mexico,7583
Transplant & Transfusion Medicine,LIFECODES HPA Genotyping,Indonesia,7534
Transplant & Transfusion Medicine,LIFECODES Serology Products,Greece,7620
Coagulation Products,LIFECODES Coagulation Products,Italy,7632
Transplant & Transfusion Medicine,LIFECODES Platelet Antibody Detection Products,Romania,7569
Coagulation Products,LIFECODES Coagulation Products,Portugal,7669
Transplant & Transfusion Medicine,LIFECODES HPA Genotyping,Taiwan,7626
Transplant & Transfusion Medicine,LIFECODES Platelet Antibody Detection Products,Australia,7477
Transplant & Transfusion Medicine,LIFECODES HPA Genotyping,Oman,7526
Transplant & Transfusion Medicine,LIFECODES Platelet Antibody Detection Products,United Arab Emirates,7589
Coagulation Products,LIFECODES Coagulation Products,Morocco,7660
Transplant & Transfusion Medicine,LIFECODES HPA Genotyping,Bulgaria,7566
Transplant & Transfusion Medicine,LIFECODES Donor Screening,Germany,7543
Transplant & Transfusion Medicine,LIFECODES Serology Products,Bahrain,7520
Transplant & Transfusion Medicine,LIFECODES Screen & Identification,Canada,7420
Transplant & Transfusion Medicine,LIFECODES Donor Screening,Czech Republic,7443
Transplant & Transfusion Medicine,LIFECODES Platelet Antibody Detection Products,Israel,7537
Transplant & Transfusion Medicine,LIFECODES HPA Genotyping,Spain,7514
Transplant & Transfusion Medicine,LIFECODES Serology Products,Poland,7560
Transplant & Transfusion Medicine,LIFECODES HPA Genotyping,Malaysia,7606
Coagulation Products,LIFECODES Coagulation Products,Columbia,7643
Transplant & Transfusion Medicine,LIFECODES Platelet Antibody Detection Products,Chile,7497
Transplant & Transfusion Medicine,LIFECODES Donor Screening,Thailand,7503
Transplant & Transfusion Medicine,LIFECODES Platelet Antibody Detection Products,India,7597
Coagulation Products,LIFECODES Coagulation Products,Spain,7652
Transplant & Transfusion Medicine,LIFECODES Platelet Antibody Detection Products,Benelux-France,7549
Transplant & Transfusion Medicine,LIFECODES Donor Screening,Panama,7451
Coagulation Products,LIFECODES Coagulation Products,United Arab Emirates,7672
Transplant & Transfusion Medicine,LIFECODES Serology Products,Slovakia,7460
Transplant & Transfusion Medicine,LIFECODES Platelet Antibody Detection Products,Italy,7437
Transplant & Transfusion Medicine,LIFECODES HPA Genotyping,Algeria,7486
Transplant & Transfusion Medicine,LIFECODES HPA Genotyping,Brazil,7417
Coagulation Products,LIFECODES Coagulation Products,United States,7666
Transplant & Transfusion Medicine,LIFECODES Donor Screening,Libya,7523
Transplant & Transfusion Medicine,LIFECODES Platelet Antibody Detection Products,Greece,7617
Coagulation Products,LIFECODES Coagulation Products,Canada,7629
Coagulation Products,LIFECODES Coagulation Products,South Korea,7680
Transplant & Transfusion Medicine,LIFECODES Serology Products,Portugal,7580
Transplant & Transfusion Medicine,LIFECODES HLA Genotyping,Canada,7431
Transplant & Transfusion Medicine,LIFECODES HPA Genotyping,Saudi Arabia,7474
Transplant & Transfusion Medicine,LIFECODES Serology Products,Australia,7480
Transplant & Transfusion Medicine,LIFECODES Donor Screening,Hungary,7623
Transplant & Transfusion Medicine,LIFECODES HPA Genotyping,Kuwait,7446
Transplant & Transfusion Medicine,LIFECODES Donor Screening,Spain,7515
Transplant & Transfusion Medicine,LIFECODES Serology Products,United Arab Emirates,7592
Transplant & Transfusion Medicine,LIFECODES Donor Screening,China,7615
Transplant & Transfusion Medicine,LIFECODES Serology Products,Singapore,7492
Transplant & Transfusion Medicine,LIFECODES Platelet Antibody Detection Products,South Korea,7561
Coagulation Products,LIFECODES Coagulation Products,Peru,7638
Transplant & Transfusion Medicine,LIFECODES HPA Genotyping,Israel,7538
Coagulation Products,LIFECODES Coagulation Products,Albania,7661
Coagulation Products,LIFECODES Coagulation Products,Algeria,7644
Coagulation Products,LIFECODES Coagulation Products,Oman,7655
Transplant & Transfusion Medicine,LIFECODES HPA Genotyping,India,7598
Transplant & Transfusion Medicine,LIFECODES HPA Genotyping,Chile,7498
Transplant & Transfusion Medicine,LIFECODES Serology Products,Benelux-France,7552
Transplant & Transfusion Medicine,LIFECODES Serology Products,Panama,7452
Transplant & Transfusion Medicine,LIFECODES Platelet Antibody Detection Products,Columbia,7481
Transplant & Transfusion Medicine,LIFECODES Donor Screening,New Zealand,7555
Transplant & Transfusion Medicine,LIFECODES Serology Products,Turkey,7532
Transplant & Transfusion Medicine,LIFECODES HPA Genotyping,Italy,7438
Transplant & Transfusion Medicine,LIFECODES Donor Screening,Brazil,7418
Transplant & Transfusion Medicine,LIFECODES Platelet Antibody Detection Products,Mexico,7581
Transplant & Transfusion Medicine,LIFECODES HPA Genotyping,Greece,7618
Coagulation Products,LIFECODES Coagulation Products,Romania,7667
Transplant & Transfusion Medicine,LIFECODES LSA MIC,Canada,7426
Transplant & Transfusion Medicine,LIFECODES Serology Products,Canada,7432
Coagulation Products,LIFECODES Coagulation Products,United Kingdom,7675
Transplant & Transfusion Medicine,LIFECODES Donor Screening,Saudi Arabia,7475
Transplant & Transfusion Medicine,LIFECODES Donor Screening,Albania,7575
Transplant & Transfusion Medicine,LIFECODES Serology Products,Hungary,7624
Transplant & Transfusion Medicine,LIFECODES HPA Genotyping,Bahrain,7518
Transplant & Transfusion Medicine,LIFECODES Platelet Antibody Detection Products,Germany,7541
Transplant & Transfusion Medicine,LIFECODES Serology Products,Europe,7472
Transplant & Transfusion Medicine,LIFECODES Donor Screening,Jordan,7495
Coagulation Products,LIFECODES Coagulation Products,Israel,7658
Coagulation Products,LIFECODES Coagulation Products,Taiwan,7664
Transplant & Transfusion Medicine,LIFECODES HPA Genotyping,Republica Muldova,7466
Transplant & Transfusion Medicine,LIFECODES Serology Products,South Korea,7564
Coagulation Products,LIFECODES Coagulation Products,Panama,7635
Transplant & Transfusion Medicine,LIFECODES Platelet Antibody Detection Products,Singapore,7489
Transplant & Transfusion Medicine,LIFECODES Serology Products,Austria,7612
Transplant & Transfusion Medicine,LIFECODES Donor Screening,South Africa,7595
Transplant & Transfusion Medicine,LIFECODES Serology Products,Fyrom,7512
Transplant & Transfusion Medicine,LIFECODES HPA Genotyping,Poland,7558
Coagulation Products,LIFECODES Coagulation Products,Saudi Arabia,7641
Transplant & Transfusion Medicine,LIFECODES Serology Products,United Kingdom,7604
Transplant & Transfusion Medicine,LIFECODES Platelet Antibody Detection Products,Panama,7449
Transplant & Transfusion Medicine,LIFECODES Donor Screening,Former Yugoslavia,7455
Coagulation Products,LIFECODES Coagulation Products,Jordan,7647
Transplant & Transfusion Medicine,LIFECODES Platelet Antibody Detection Products,Thailand,7501
Transplant & Transfusion Medicine,LIFECODES Platelet Antibody Detection Products,United Kingdom,7601
Transplant & Transfusion Medicine,LIFECODES Donor Screening,Qatar,7435
Transplant & Transfusion Medicine,LIFECODES Platelet Antibody Detection Products,Turkey,7529
Transplant & Transfusion Medicine,LIFECODES HPA Genotyping,Portugal,7578
Transplant & Transfusion Medicine,LIFECODES HPA Genotyping,Slovakia,7458
Transplant & Transfusion Medicine,LIFECODES Platelet Antibody Detection Products,Fyrom,7509
Transplant & Transfusion Medicine,LIFECODES Donor Screening,Canada,7429
Coagulation Products,LIFECODES Coagulation Products,Greece,7678
Transplant & Transfusion Medicine,LIFECODES Donor Screening,Indonesia,7535
Transplant & Transfusion Medicine,LIFECODES Serology Products,Romania,7572
Transplant & Transfusion Medicine,LIFECODES Serology Products,Mexico,7584
Transplant & Transfusion Medicine,LIFECODES Platelet Antibody Detection Products,Libya,7521
Transplant & Transfusion Medicine,LIFECODES Platelet Antibody Detection Products,Hungary,7621
Transplant & Transfusion Medicine,LIFECODES Donor Screening,Taiwan,7627
Transplant & Transfusion Medicine,LIFECODES HPA Genotyping,Australia,7478
Transplant & Transfusion Medicine,LIFECODES Platelet Antibody Detection Products,China,7613
Transplant & Transfusion Medicine,LIFECODES HPA Genotyping,United Arab Emirates,7590
Transplant & Transfusion Medicine,LIFECODES Donor Screening,Bulgaria,7567
Transplant & Transfusion Medicine,LIFECODES Serology Products,Jordan,7496
Transplant & Transfusion Medicine,LIFECODES Platelet Antibody Detection Products,Canada,7421
Transplant & Transfusion Medicine,LIFECODES Serology Products,Germany,7544
Transplant & Transfusion Medicine,LIFECODES Serology Products,Czech Republic,7444
Transplant & Transfusion Medicine,LIFECODES Donor Screening,Republica Muldova,7467
Transplant & Transfusion Medicine,LIFECODES HPA Genotyping,Singapore,7490
Coagulation Products,LIFECODES Coagulation Products,Germany,7659
Transplant & Transfusion Medicine,LIFECODES Platelet Antibody Detection Products,Spain,7513
Coagulation Products,LIFECODES Coagulation Products,Former Yugoslavia,7636
Transplant & Transfusion Medicine,LIFECODES Donor Screening,Malaysia,7607
Transplant & Transfusion Medicine,LIFECODES Donor Screening,Poland,7559
Transplant & Transfusion Medicine,LIFECODES Serology Products,South Africa,7596
Coagulation Products,LIFECODES Coagulation Products,Bahrain,7653
Coagulation Products,LIFECODES Coagulation Products,Australia,7642
Transplant & Transfusion Medicine,LIFECODES HPA Genotyping,Panama,7450
Transplant & Transfusion Medicine,LIFECODES Serology Products,Thailand,7504
Transplant & Transfusion Medicine,LIFECODES HPA Genotyping,Benelux-France,7550
Transplant & Transfusion Medicine,LIFECODES HPA Genotyping,Turkey,7530
Transplant & Transfusion Medicine,LIFECODES Platelet Antibody Detection Products,New Zealand,7553
Transplant & Transfusion Medicine,LIFECODES Donor Screening,Portugal,7579
Transplant & Transfusion Medicine,LIFECODES Platelet Antibody Detection Products,Peru,7461
Transplant & Transfusion Medicine,LIFECODES HPA Genotyping,Fyrom,7510
Transplant & Transfusion Medicine,LIFECODES Donor Screening,Algeria,7487
Transplant & Transfusion Medicine,LIFECODES Serology Products,Libya,7524
Transplant & Transfusion Medicine,LIFECODES Serology Products,Indonesia,7536
Transplant & Transfusion Medicine,LIFECODES LSA Single Antigen,Canada,7430
Coagulation Products,LIFECODES Coagulation Products,Brazil,7630
Coagulation Products,LIFECODES Coagulation Products,Hungary,7679
Transplant & Transfusion Medicine,LIFECODES Platelet Antibody Detection Products,Saudi Arabia,7473
Transplant & Transfusion Medicine,LIFECODES Platelet Antibody Detection Products,Albania,7573
Coagulation Products,LIFECODES Coagulation Products,South Africa,7673
Transplant & Transfusion Medicine,LIFECODES Donor Screening,Kuwait,7447
Transplant & Transfusion Medicine,LIFECODES Platelet Antibody Detection Products,Jordan,7493
Transplant & Transfusion Medicine,Gen-Probe Fluoroanalyzer,Europe,7470
Transplant & Transfusion Medicine,LIFECODES HPA Genotyping,Austria,7610
Transplant & Transfusion Medicine,LIFECODES Serology Products,China,7616
Transplant & Transfusion Medicine,LIFECODES Serology Products,Spain,7516
Coagulation Products,LIFECODES Coagulation Products,Czech Republic,7633
Coagulation Products,LIFECODES Coagulation Products,Republica Muldova,7639
Coagulation Products,LIFECODES Coagulation Products,Thailand,7662
Transplant & Transfusion Medicine,LIFECODES Donor Screening,Tunisia,7587
Transplant & Transfusion Medicine,LIFECODES Platelet Antibody Detection Products,Czech Republic,7441
Transplant & Transfusion Medicine,LIFECODES Platelet Antibody Detection Products,Former Yugoslavia,7453
Transplant & Transfusion Medicine,LIFECODES Donor Screening,Morocco,7547
Coagulation Products,LIFECODES Coagulation Products,Fyrom,7656
Transplant & Transfusion Medicine,LIFECODES Platelet Antibody Detection Products,South Africa,7593
Coagulation Products,LIFECODES Coagulation Products,Iraq,7650
Transplant & Transfusion Medicine,LIFECODES Donor Screening,India,7599
Transplant & Transfusion Medicine,LIFECODES Serology Products,Columbia,7484
Transplant & Transfusion Medicine,LIFECODES Platelet Antibody Detection Products,Qatar,7433
Transplant & Transfusion Medicine,LIFECODES Donor Screening,Iraq,7507
Transplant & Transfusion Medicine,LIFECODES Serology Products,New Zealand,7556
Transplant & Transfusion Medicine,LIFECODES Platelet Antibody Detection Products,Indonesia,7533
Transplant & Transfusion Medicine,LIFECODES Serology Products,Peru,7464
Transplant & Transfusion Medicine,LIFECODES Donor Screening,Greece,7619
Transplant & Transfusion Medicine,LIFECODES HPA Genotyping,Romania,7570
Transplant & Transfusion Medicine,LIFECODES Donor Screening,Oman,7527
Coagulation Products,LIFECODES Coagulation Products,Mexico,7670
Coagulation Products,LIFECODES Coagulation Products,Malaysia,7676
Transplant & Transfusion Medicine,LIFECODES Serology Products,Albania,7576
Transplant & Transfusion Medicine,LIFECODES Donor Specific Antibody,Canada,7427
Transplant & Transfusion Medicine,LIFECODES Serology Products,Saudi Arabia,7476
Transplant & Transfusion Medicine,LIFECODES LSA MIC,Europe,7471
Transplant & Transfusion Medicine,LIFECODES HPA Genotyping,Germany,7542
Transplant & Transfusion Medicine,LIFECODES Platelet Antibody Detection Products,Bulgaria,7565
Transplant & Transfusion Medicine,LIFECODES Serology Products,Kuwait,7448
Transplant & Transfusion Medicine,LIFECODES Donor Screening,Bahrain,7519
Coagulation Products,LIFECODES Coagulation Products,Kuwait,7634
Coagulation Products,LIFECODES Coagulation Products,Indonesia,7657
Transplant & Transfusion Medicine,LIFECODES Serology Products,Tunisia,7588
Transplant & Transfusion Medicine,LIFECODES Donor Screening,Austria,7611
Transplant & Transfusion Medicine,LIFECODES Serology Products,Morocco,7548
Transplant & Transfusion Medicine,LIFECODES HPA Genotyping,Czech Republic,7442
Transplant & Transfusion Medicine,LIFECODES HPA Genotyping,South Africa,7594
Transplant & Transfusion Medicine,LIFECODES Platelet Antibody Detection Products,Malaysia,7605
Transplant & Transfusion Medicine,LIFECODES Serology Products,Former Yugoslavia,7456
Coagulation Products,LIFECODES Coagulation Products,Poland,7651
Transplant & Transfusion Medicine,LIFECODES HPA Genotyping,Thailand,7502
Coagulation Products,LIFECODES Coagulation Products,Chile,7648
Transplant & Transfusion Medicine,LIFECODES Donor Screening,Slovakia,7459
Transplant & Transfusion Medicine,LIFECODES HPA Genotyping,United Kingdom,7602
Transplant & Transfusion Medicine,LIFECODES Serology Products,Qatar,7436
Transplant & Transfusion Medicine,LIFECODES Serology Products,Iraq,7508
Transplant & Transfusion Medicine,LIFECODES Platelet Antibody Detection Products,Algeria,7485
Transplant & Transfusion Medicine,LIFECODES Platelet Antibody Detection Products,Brazil,7416
Transplant & Transfusion Medicine,LIFECODES Platelet Antibody Detection Products,Republica Muldova,7465
Transplant & Transfusion Medicine,LIFECODES Donor Screening,Romania,7571
Coagulation Products,LIFECODES Coagulation Products,Bulgaria,7665
Coagulation Products,LIFECODES Coagulation Products,Austria,7677
Transplant & Transfusion Medicine,LIFECODES HPA Genotyping,Hungary,7622
Transplant & Transfusion Medicine,LIFECODES Serology Products,Taiwan,7628
Transplant & Transfusion Medicine,LIFECODES HPA Genotyping,Libya,7522
Transplant & Transfusion Medicine,LIFECODES Donor Screening,Australia,7479
Transplant & Transfusion Medicine,LIFECODES Serology Products,Oman,7528
Transplant & Transfusion Medicine,LIFECODES KIR Genotyping,Canada,7428
Coagulation Products,LIFECODES Coagulation Products,Tunisia,7671
Coagulation Products,LIFECODES Coagulation Products,Slovakia,7637
Transplant & Transfusion Medicine,LIFECODES HPA Genotyping,China,7614
Transplant & Transfusion Medicine,LIFECODES HPA Genotyping,Canada,7422
Transplant & Transfusion Medicine,LIFECODES Donor Screening,United Arab Emirates,7591
Transplant & Transfusion Medicine,LIFECODES Platelet Antibody Detection Products,Kuwait,7445
Transplant & Transfusion Medicine,LIFECODES Serology Products,Bulgaria,7568
Transplant & Transfusion Medicine,LIFECODES Donor Screening,Israel,7539
Transplant & Transfusion Medicine,LIFECODES Serology Products,Republica Muldova,7468
Transplant & Transfusion Medicine,LIFECODES Donor Screening,Singapore,7491
Transplant & Transfusion Medicine,LIFECODES Platelet Antibody Detection Products,Tunisia,7585
Transplant & Transfusion Medicine,LIFECODES HPA Genotyping,South Korea,7562
Transplant & Transfusion Medicine,LIFECODES Serology Products,Malaysia,7608
Coagulation Products,LIFECODES Coagulation Products,Libya,7654
Transplant & Transfusion Medicine,LIFECODES Platelet Antibody Detection Products,Morocco,7545
Transplant & Transfusion Medicine,LIFECODES Donor Screening,Benelux-France,7551
Coagulation Products,LIFECODES Coagulation Products,Singapore,7645
Transplant & Transfusion Medicine,LIFECODES Donor Screening,Chile,7499
Transplant & Transfusion Medicine,LIFECODES Platelet Antibody Detection Products,Taiwan,7625
Transplant & Transfusion Medicine,LIFECODES HPA Genotyping,New Zealand,7554
Transplant & Transfusion Medicine,LIFECODES Platelet Antibody Detection Products,Iraq,7505
Transplant & Transfusion Medicine,LIFECODES HPA Genotyping,Columbia,7482
Transplant & Transfusion Medicine,LIFECODES Donor Screening,Turkey,7531
Transplant & Transfusion Medicine,LIFECODES HPA Genotyping,Peru,7462
Transplant & Transfusion Medicine,LIFECODES Donor Screening,Fyrom,7511
Transplant & Transfusion Medicine,LIFECODES Donor Screening,Italy,7439
Transplant & Transfusion Medicine,LIFECODES Serology Products,Algeria,7488
Coagulation Products,LIFECODES Coagulation Products,Qatar,7631
Transplant & Transfusion Medicine,LIFECODES HPA Genotyping,Mexico,7582
Transplant & Transfusion Medicine,LIFECODES Serology Products,Brazil,7419
Coagulation Products,LIFECODES Coagulation Products,Benelux-France,7668
Transplant & Transfusion Medicine,Gen-Probe Fluoroanalyzer,Canada,7425
Coagulation Products,LIFECODES Coagulation Products,India,7674
Transplant & Transfusion Medicine,LIFECODES Platelet Antibody Detection Products,Oman,7525
Transplant & Transfusion Medicine,LIFECODES HPA Genotyping,Albania,7574
